doc_id,url,sha256,bytes,fetched_at_utc
L000071894026000009_a2026-q2xmda,https://www.sec.gov/Archives/edgar/data/718940/000071894026000009/a2026-q2xmda.htm,6fd29d197f80ed2fb30c29d3f492112f0b041fd95f244604ade672cd40285ab8,1761909,2026-09-24T00:52:23Z
L000095010325012168_dp234624_8k,https://www.sec.gov/Archives/edgar/data/1819989/000095010325012168/dp234624_8k.htm,6395e8f4e7b601b9f280eeac017a5fff01f6c5f530f594c171573320d47e518f,42129,2026-09-24T00:52:24Z
L000095010325012168_dp234624_ex9901,https://www.sec.gov/Archives/edgar/data/1819989/000095010325012168/dp234624_ex9901.htm,3de6007a70d8f92a8f72dcab921bbbbe8a4fcbf377f23915aa9c7ce826843e82,29787,2026-09-24T00:52:24Z
L000095010325012168_dp234624_ex9902,https://www.sec.gov/Archives/edgar/data/1819989/000095010325012168/dp234624_ex9902.htm,ba8a1852e0429bef4d071489a3bbd8784921331ec8270578af7ffae83f90f648,15622,2026-09-24T00:52:41Z
L000095010325014194_dp236870_8k-financials,https://www.sec.gov/Archives/edgar/data/1819989/000095010325014194/dp236870_8k-financials.htm,b680555a4fae86d9c6e6f7be364799c37ebf76ca1f71d118c1301221cc624510,25386,2026-09-24T00:52:42Z
L000095010325015073_dp237633_8k,https://www.sec.gov/Archives/edgar/data/1819989/000095010325015073/dp237633_8k.htm,b6866ad21486477c8d204b1449ba666a318d177d4b2c7647cabdab7781d2675f,43588,2026-09-24T00:52:42Z
L000095010325015073_dp237633_ex9901,https://www.sec.gov/Archives/edgar/data/1819989/000095010325015073/dp237633_ex9901.htm,8b82771dd08a7de4557ca4152d111ac420852bdd4122e8691f06bed8c352d4f3,25118,2026-09-24T00:52:42Z
L000095010326001480_dp240991_ex9901,https://www.sec.gov/Archives/edgar/data/1819989/000095010326001480/dp240991_ex9901.htm,507405a9e12186af4422492e452ea183daf04e1fac9cb731c094cd165fd38bff,29972,2026-09-24T00:52:42Z
L000095010326008635_dp248110_ex9901,https://www.sec.gov/Archives/edgar/data/1819989/000095010326008635/dp248110_ex9901.htm,3c4662655e5f1b3e3da4e31e0643167eeaef9880e058271d180d9e134b6b3abb,18398,2026-09-24T00:52:43Z
L000095014224002980_eh240568556_8k,https://www.sec.gov/Archives/edgar/data/1083301/000095014224002980/eh240568556_8k.htm,d2d012148ba6b6e4ff8ed56ee88eaebed0401b805f10db6f6bc5eaa6fa5119d3,24308,2026-09-24T00:52:43Z
L000095014224002999_eh240572111_ex9901,https://www.sec.gov/Archives/edgar/data/1083301/000095014224002999/eh240572111_ex9901.htm,a90020f85dc86f3b84a49432d636197ff33dc9a75e87744f57a981c57ded0140,85989,2026-09-24T00:52:44Z
L000107997326001150_ex99x1,https://www.sec.gov/Archives/edgar/data/1396536/000107997326001150/ex99x1.htm,9b7a302e4b7847f017f5a6b8c964a8811131a341ebc42678520da79cffb70727,168165,2026-09-24T00:52:44Z
L000107997326001150_ex99x2,https://www.sec.gov/Archives/edgar/data/1396536/000107997326001150/ex99x2.htm,03865c0b7fa2c769ee70f4d56d54255523b59e4dbe4cef4fd41ed8d47634137d,80673,2026-09-24T00:52:45Z
L000108330125000004_wulfopsreport-202412dec2,https://www.sec.gov/Archives/edgar/data/1083301/000108330125000004/wulfopsreport-202412dec2.htm,8e9226f54de29425e6d9c2e9b0664e3f9da46ff7936a25a1f17a256e3570d5cc,15211,2026-09-24T00:52:46Z
L000108330125000013_a_wulfformearningsrelease2,https://www.sec.gov/Archives/edgar/data/1083301/000108330125000013/a_wulfformearningsrelease2.htm,4c8592d73948fdb1512f276bf09662a7564fa7b22ca7edaddb39e81cbf925754,220422,2026-09-24T00:52:54Z
L000108330125000033_a_wulfformearningsreleas,https://www.sec.gov/Archives/edgar/data/1083301/000108330125000033/a_wulfformearningsreleas.htm,71edf27148a7fa45f23b38b4572337240b13347b7bb3d7e43947611607bdffe8,38536,2026-09-24T00:52:54Z
L000108330125000033_wulfq12025investorpresvf,https://www.sec.gov/Archives/edgar/data/1083301/000108330125000033/wulfq12025investorpresvf.htm,9bb034ebc897f7e048e3495d9e69ddbcfafbb734668fbec7e00e9a3b20ebdd3c,33236,2026-09-24T00:52:55Z
L000108330125000096_a_wulfformearningsreleaseq,https://www.sec.gov/Archives/edgar/data/1083301/000108330125000096/a_wulfformearningsreleaseq.htm,5c43611f09cb15f124756bb7986b608b699cf49ffd9dc1f7972e7ae329a1f514,218496,2026-09-24T00:52:55Z
L000108330126000162_a_wulfearningsreleaseq22026,https://www.sec.gov/Archives/edgar/data/1083301/000108330126000162/a_wulfearningsreleaseq22026.htm,16484369f59370e0520fb3d687826e87997133d3b542be4c0c5dac71a314a1e5,229455,2026-09-24T00:52:56Z
L000110465925078084_tm2523008d2_8k,https://www.sec.gov/Archives/edgar/data/1083301/000110465925078084/tm2523008d2_8k.htm,c0ec25bc6d603951764731dfdcf80fab1e7431f344a35b56c22afe290f4f55cd,40005,2026-09-24T00:52:56Z
L000110465925078084_tm2523008d2_ex99-1,https://www.sec.gov/Archives/edgar/data/1083301/000110465925078084/tm2523008d2_ex99-1.htm,8a818584cea1f897f62386080884aba56af3d67c5c874dd7c6f1d6a3d43935ff,20217,2026-09-24T00:52:56Z
L000110465925078084_tm2523008d2_ex99-2,https://www.sec.gov/Archives/edgar/data/1083301/000110465925078084/tm2523008d2_ex99-2.htm,89ae4931eee2e00ae472a8b70f8c2fe6dbf735ce95763791497145645d8e4313,11761,2026-09-24T00:52:56Z
L000110465925079463_tm2523651d3_8k,https://www.sec.gov/Archives/edgar/data/1083301/000110465925079463/tm2523651d3_8k.htm,40773240482d8f441024a15cc643a8919082f5d1870446870c371c799237c07d,34850,2026-09-24T00:53:06Z
L000110465925079463_tm2523651d3_ex99-1,https://www.sec.gov/Archives/edgar/data/1083301/000110465925079463/tm2523651d3_ex99-1.htm,bd46d520754e2a6d1b77181035ed400f17dbcb43aa4cb662f8c2307750bee4b5,12653,2026-09-24T00:53:06Z
L000110465925102858_tm2529509d1_8k,https://www.sec.gov/Archives/edgar/data/1083301/000110465925102858/tm2529509d1_8k.htm,6a0377baacddecb62d84b4e970fa475cfa05afb5b089f6b15bfa13e348b464e4,36427,2026-09-24T00:53:07Z
L000110465925102858_tm2529509d1_ex99-1,https://www.sec.gov/Archives/edgar/data/1083301/000110465925102858/tm2529509d1_ex99-1.htm,8d21132afc5cd77d3f4519d32d81be6881f716f48263db554e889c3b31899a8a,20937,2026-09-24T00:53:07Z
L000110465925122052_hut-20251217xex99d1,https://www.sec.gov/Archives/edgar/data/1964789/000110465925122052/hut-20251217xex99d1.htm,4deef22dc6f49c6b749986a7056777450733d92204a095c488349391c259ec2c,53349,2026-09-24T00:53:07Z
L000110465925122052_hut-20251217xex99d2,https://www.sec.gov/Archives/edgar/data/1964789/000110465925122052/hut-20251217xex99d2.htm,dc23491cf5b37b385f5dfdac63aac9f2e2c489a5d109d8e0088e36a671eaf91f,36926,2026-09-24T00:53:08Z
L000110465926004551_riot-20260116x8k,https://www.sec.gov/Archives/edgar/data/1167419/000110465926004551/riot-20260116x8k.htm,6cc02b329a21a4328bc3fac6059698674d324c941ff44a1b260257607c5891a3,36849,2026-09-24T00:53:08Z
L000110465926004551_riot-20260116xex99d1,https://www.sec.gov/Archives/edgar/data/1167419/000110465926004551/riot-20260116xex99d1.htm,2c9a1f257c13f3ec53cfec581e88abb2fef0fda63d37e3662e2099f64bcb8bf1,32428,2026-09-24T00:53:08Z
L000110465926019393_hut-20260225xex99d1,https://www.sec.gov/Archives/edgar/data/1964789/000110465926019393/hut-20260225xex99d1.htm,f032644a5d8384a027331135f3c635b061e18aedaa03a8a8e51716b70733844f,320344,2026-09-24T00:53:09Z
L000110465926052943_riot-20260430xex99d1,https://www.sec.gov/Archives/edgar/data/1167419/000110465926052943/riot-20260430xex99d1.htm,8d8fae49bcadcff25a5f07c64340e3b96517a07cd059ead3d9646e3453f73c72,109397,2026-09-24T00:53:09Z
L000110465926052943_riot-20260430xex99d2,https://www.sec.gov/Archives/edgar/data/1167419/000110465926052943/riot-20260430xex99d2.htm,9778137270b4ad40a09d1ad0bc7d87a140d65da7b33d8d62e5538cbd080f69ca,71943,2026-09-24T00:53:09Z
L000110465926053247_tm2613163d1_8k,https://www.sec.gov/Archives/edgar/data/1964789/000110465926053247/tm2613163d1_8k.htm,51fbd3f65cf18b6ccb190c5a5280ee451536763f76198679dc68048fb0dac631,36988,2026-09-24T00:53:09Z
L000110465926055894_hut-20260506xex99d1,https://www.sec.gov/Archives/edgar/data/1964789/000110465926055894/hut-20260506xex99d1.htm,7057b39653d2d02f3146e3f17b361dc6ec2067bba930bf3a66cdffcf73cc4728,162166,2026-09-24T00:53:10Z
L000110465926070393_tm2616869d1_8k,https://www.sec.gov/Archives/edgar/data/1964789/000110465926070393/tm2616869d1_8k.htm,9c95d236fbeb89abba37d979e3c7ef6262e3010291a048a29dfcaad41e0a674f,31158,2026-09-24T00:53:10Z
L000110465926070744_tm2616926d1_ex99-1,https://www.sec.gov/Archives/edgar/data/1964789/000110465926070744/tm2616926d1_ex99-1.htm,14c6057cef3106db92e18005fd6b608be0376672d4e0669f884070e8fd5941e1,13931,2026-09-24T00:53:10Z
L000110465926071952_tm2617190d1_8k,https://www.sec.gov/Archives/edgar/data/1964789/000110465926071952/tm2617190d1_8k.htm,0f0e68c09039da220f650da79398612e0a54c262add3c6d487de0df000cf23dd,37688,2026-09-24T00:53:10Z
L000110465926080583_tm2619468d1_8k,https://www.sec.gov/Archives/edgar/data/1083301/000110465926080583/tm2619468d1_8k.htm,3e40f3d72305d45525deef6e934ef5e9751ba9cd117d84ea731158ef5a764531,31968,2026-09-24T00:53:11Z
L000110465926080583_tm2619468d1_ex99-1,https://www.sec.gov/Archives/edgar/data/1083301/000110465926080583/tm2619468d1_ex99-1.htm,07a3b4145190da363b535255dd22c697ccb46224d59157be4588f2e23fa4c075,20465,2026-09-24T00:53:11Z
L000110465926084862_tm2620835d1_ex99-1,https://www.sec.gov/Archives/edgar/data/1964789/000110465926084862/tm2620835d1_ex99-1.htm,c12095286721783f61b266b1a19a4892818fa3013c9c4d9c2c0a158ef5989931,31719,2026-09-24T00:53:11Z
L000110465926093406_riot-20260810xex99d1,https://www.sec.gov/Archives/edgar/data/1167419/000110465926093406/riot-20260810xex99d1.htm,5ba16ab0dac96fe7e8597d984820d307c67c1ac00b2fceccfbf425aa420fd693,207546,2026-09-24T00:53:11Z
L000110465926093406_riot-20260810xex99d2,https://www.sec.gov/Archives/edgar/data/1167419/000110465926093406/riot-20260810xex99d2.htm,607d8fc9e116b20365af2d8562fa93a87efaa65fa1e5b3d76bdc5bc96971dc55,55639,2026-09-24T00:53:12Z
L000114036125039864_ef20057996_ex99-1,https://www.sec.gov/Archives/edgar/data/1839341/000114036125039864/ef20057996_ex99-1.htm,a533fea4b87971f5e2a3c283cfc40e5edd62c503702e0442b7ef223e9ed23d61,30674,2026-09-24T00:53:12Z
L000114487924000210_apldq424earningsrelease,https://www.sec.gov/Archives/edgar/data/1144879/000114487924000210/apldq424earningsrelease.htm,6bfe07341c2be3a78ac424d4215a7dab3ac9d09a00543777aaab61fb0ba84b87,339732,2026-09-24T00:53:13Z
L000114487925000019_apldq425earningsrelease,https://www.sec.gov/Archives/edgar/data/1144879/000114487925000019/apldq425earningsrelease.htm,310a963beb06f86a9cd38601399d10351baa43a0c136374416f27504f61d36a3,410141,2026-09-24T00:53:13Z
L000114487925000068_apldq126earningsrelease,https://www.sec.gov/Archives/edgar/data/1144879/000114487925000068/apldq126earningsrelease.htm,aa016bb91d63038b0fca3ebd7d505d6232c693e166110899e3cfa6762004d49d,287990,2026-09-24T00:53:14Z
L000114487925000076_ad-harwood_prxfinal102225,https://www.sec.gov/Archives/edgar/data/1144879/000114487925000076/ad-harwood_prxfinal102225.htm,da35e22ed8ce40b4dd8460469d395f32d992e5cb38b74bece742148e99f7025a,17218,2026-09-24T00:53:14Z
L000114487926000002_apldq226earningsrelease,https://www.sec.gov/Archives/edgar/data/1144879/000114487926000002/apldq226earningsrelease.htm,fcc6a8a23bc7a0a88b608ddfb4dc37bb62729ce528e0e0749af0af1c751a4bfa,389841,2026-09-24T00:53:14Z
L000114487926000036_apld_deltaforgexprxfinal,https://www.sec.gov/Archives/edgar/data/1144879/000114487926000036/apld_deltaforgexprxfinal.htm,df26c56b073aa3fe609bc5243bab7aa05a206cd3aad1d27cf900232483a17c48,16854,2026-09-24T00:53:15Z
L000114487926000044_apldq426earningsreleaseasf,https://www.sec.gov/Archives/edgar/data/1144879/000114487926000044/apldq426earningsreleaseasf.htm,da6edf300594b6a07ae54aa21190a3f5d2c92e52db0600742168fc0c8e1059a4,485287,2026-09-24T00:53:15Z
L000117184324005191_exh_991,https://www.sec.gov/Archives/edgar/data/1218683/000117184324005191/exh_991.htm,4b648c150521740fb4d0ccbb7bdaf15f665311ea8c3bc6b6da4650ad90c3fadb,10367,2026-09-24T00:53:22Z
L000117184324006361_exh_991,https://www.sec.gov/Archives/edgar/data/1218683/000117184324006361/exh_991.htm,df7a336f4470b857252dde888ffbd4a26212f9c9298024ef082036199563d22a,10569,2026-09-24T00:53:23Z
L000119312526109399_d46621dex991,https://www.sec.gov/Archives/edgar/data/718940/000119312526109399/d46621dex991.htm,ff564e624e6fb8ace1d318a4f6434f2d5a6ccc86dcdab4be428240fe904f74cd,182574,2026-09-24T00:53:23Z
L000119312526165121_d149019dex992,https://www.sec.gov/Archives/edgar/data/1839341/000119312526165121/d149019dex992.htm,5263b776c011e0f5e47fe9c55c09f90f8fd67dac5809d3cdea4fad871c291959,111005,2026-09-24T00:53:24Z
L000119312526302448_clsk-ex99_1,https://www.sec.gov/Archives/edgar/data/827876/000119312526302448/clsk-ex99_1.htm,301e33537e6c8fd9dff00caa428f7acb7f58842e72674b99a0535b0d21216486,32834,2026-09-24T00:53:24Z
L000119312526393758_clsk-ex99_1,https://www.sec.gov/Archives/edgar/data/827876/000119312526393758/clsk-ex99_1.htm,098d300f91fc9e4395a728039622d931f0c55eefbe43a2e1163f08eb68fa2e66,8639,2026-09-24T00:53:24Z
L000121390025123321_ea026991801ex99-1_white,https://www.sec.gov/Archives/edgar/data/2042022/000121390025123321/ea026991801ex99-1_white.htm,0f801f253f1ec77a7cd28e81145d26b704da50c48e63628133b959964410c4de,16815,2026-09-24T00:53:25Z
L000121390026007474_ea027401701ex99-1_white,https://www.sec.gov/Archives/edgar/data/2042022/000121390026007474/ea027401701ex99-1_white.htm,6e093a24b024d2fcf00ae000bc5409bac99e9d98025f5e81f404576b3ba23bae,39734,2026-09-24T00:53:25Z
L000121390026053566_ea028958501ex99-1,https://www.sec.gov/Archives/edgar/data/1854368/000121390026053566/ea028958501ex99-1.htm,d9008328b3f8130ba3d5bc104c5f289b14f1a965a0f655ddab7090811d9cea52,29294,2026-09-24T00:53:26Z
L000121390026067329_ea029430601ex99-1,https://www.sec.gov/Archives/edgar/data/2042022/000121390026067329/ea029430601ex99-1.htm,b3806bc4983001b38f8fbdfe1e179c0fe4dbc6593681d61725190c4b4a6f74b6,41291,2026-09-24T00:53:26Z
L000121390026082561_ea0299459-8k_cleancore,https://www.sec.gov/Archives/edgar/data/1956741/000121390026082561/ea0299459-8k_cleancore.htm,921a804d8121a122e52be027477bb054beb76fbdda759f79b2a72825fc00a27f,49256,2026-09-24T00:53:26Z
L000121390026082561_ea029945901ex99-1,https://www.sec.gov/Archives/edgar/data/1956741/000121390026082561/ea029945901ex99-1.htm,eab02c034db3da4b3d45ad0f82471c07dcbc82e43948d6d239f29c421b804e31,17912,2026-09-24T00:53:26Z
L000121390026085655_ea030075201ex99-1,https://www.sec.gov/Archives/edgar/data/1899123/000121390026085655/ea030075201ex99-1.htm,6a2fcad92a5204dfdac8f2dabd061ecdc480942267e113ff2dc34837f37b8730,51238,2026-09-24T00:53:27Z
L000121390026087067_ea0301286-6k_bitdeer,https://www.sec.gov/Archives/edgar/data/1899123/000121390026087067/ea0301286-6k_bitdeer.htm,eb7791316ca8fd4b230055f1f66ee0efc4e3bbf1a874b44178e29db404504a84,32408,2026-09-24T00:53:27Z
L000121390026093742_ea030344101ex99-1,https://www.sec.gov/Archives/edgar/data/1899123/000121390026093742/ea030344101ex99-1.htm,ae9dfd30b8c79c6229b4f672baa47b9bf606e6b32de431102e66bd9ea46166a6,52523,2026-09-24T00:53:27Z
L000121390026099424_ea030525701ex99-1,https://www.sec.gov/Archives/edgar/data/2042022/000121390026099424/ea030525701ex99-1.htm,04f18de94e41505a0437efc3cfea1d10486d7e9ba7821d95ad0069a336d85109,44154,2026-09-24T00:53:27Z
L000149315225012458_ex99-1,https://www.sec.gov/Archives/edgar/data/1144879/000149315225012458/ex99-1.htm,2ca9f9ccade9b766a42ea9bc98f3c8c65babf0fb2e6141a75d1c4fb890be70a9,17574,2026-09-24T00:53:28Z
L000149315225017609_ex99-1,https://www.sec.gov/Archives/edgar/data/1144879/000149315225017609/ex99-1.htm,27985e59a36d46eca7086bc296ddad0529ef4f647393c8b1ec7a24ce540e6b96,18991,2026-09-24T00:53:28Z
L000149315225021955_ex99-1,https://www.sec.gov/Archives/edgar/data/1144879/000149315225021955/ex99-1.htm,532e1f7a2f41596a04bd0b88eb5af8c204c076ddb9db4e832b0e312f7ab3973c,22912,2026-09-24T00:53:28Z
L000149315226008549_ex99-2,https://www.sec.gov/Archives/edgar/data/1144879/000149315226008549/ex99-2.htm,0eb5f27699b5c82bb5c7f18719e5cb7d378ff97994eaa39648a95fdd765b07c5,20290,2026-09-24T00:53:29Z
L000149315226008549_form8-k,https://www.sec.gov/Archives/edgar/data/1144879/000149315226008549/form8-k.htm,d9e24de224f3ff68c83f3455f977fd8a4701f173022ab568b11fb575a6c10b4d,47220,2026-09-24T00:53:29Z
L000149315226008772_ex99-1,https://www.sec.gov/Archives/edgar/data/1144879/000149315226008772/ex99-1.htm,f5cd0819b87fac8e84bd06217ac199ca1590f8fe912f244772daed59104bbc0d,14790,2026-09-24T00:53:29Z
L000149315226008772_form8-k,https://www.sec.gov/Archives/edgar/data/1144879/000149315226008772/form8-k.htm,f84cd379642a953980278342f39653cb6e996e68ea2ca6fb9123fe14a5f770a2,46071,2026-09-24T00:53:30Z
L000149315226009538_form8-k,https://www.sec.gov/Archives/edgar/data/1144879/000149315226009538/form8-k.htm,523c93c728c6230345c83d44cb187292be3f62b40ef6f94b55e558fd8f37b2bf,59752,2026-09-24T00:53:30Z
L000149315226027857_form8-k,https://www.sec.gov/Archives/edgar/data/1144879/000149315226027857/form8-k.htm,6b0191dc46a70bdbc82639266ff15f70895ea145314d5815cb3bd94e83bc3133,50082,2026-09-24T00:53:30Z
L000149315226027979_ex99-1,https://www.sec.gov/Archives/edgar/data/1144879/000149315226027979/ex99-1.htm,0151d77246636c4b83902cdccbb110903d9b925b6425c7ad555d92e68079bd45,14845,2026-09-24T00:53:30Z
L000149315226027984_ex99-1,https://www.sec.gov/Archives/edgar/data/1144879/000149315226027984/ex99-1.htm,dcf7a27d9f7e7dac2a34d6795780e386d5fafb6a9a0e47739f9ebf48ab753eec,24087,2026-09-24T00:53:31Z
L000149315226028899_form8-k,https://www.sec.gov/Archives/edgar/data/1144879/000149315226028899/form8-k.htm,02561ceebbb7ad95df63c81191246781af4e8dfb8abe160cff35674de5a63b7f,55812,2026-09-24T00:53:31Z
L000149315226037586_form8-k,https://www.sec.gov/Archives/edgar/data/1948864/000149315226037586/form8-k.htm,8ea80704d9a2e347a116b9a8844929f5dadc004cf0ea6f26ed9d2dcaaa88e9e2,46078,2026-09-24T00:53:31Z
L000149315226043135_ex99-1,https://www.sec.gov/Archives/edgar/data/1948864/000149315226043135/ex99-1.htm,c8b043516558b8b10c34d954a3943a5b3b1586500a218c2f7e316b75a125bf70,26054,2026-09-24T00:53:31Z
L000149315226043135_ex99-2,https://www.sec.gov/Archives/edgar/data/1948864/000149315226043135/ex99-2.htm,d8af29012569b3c536c6e0601948f1c1d2d74aaf8b8b4234369da7191d4ee8db,181099,2026-09-24T00:53:32Z
L000155335026000039_ex99x2,https://www.sec.gov/Archives/edgar/data/1396536/000155335026000039/ex99x2.htm,b3517b6e43d24de17a3295c7cb45063b953f4bb1025aa7954689a4a1dbbafe55,77894,2026-09-24T00:53:32Z
L000162828024043341_corescientifichpcoption3re,https://www.sec.gov/Archives/edgar/data/1839341/000162828024043341/corescientifichpcoption3re.htm,4bda04ef960aae0b668d5da29dd510d6d867bd2ea3936b0dffa25ed954eca9f3,23213,2026-09-24T00:53:33Z
L000162828025008312_ex991-coreweavepressrelease,https://www.sec.gov/Archives/edgar/data/1839341/000162828025008312/ex991-coreweavepressrelease.htm,a661eec4f9ef2c1a5c287529b0c515875e0adfbccaac5eb3d13a48ec34d10e3b,17210,2026-09-24T00:53:33Z
L000164117225013199_ex99-2,https://www.sec.gov/Archives/edgar/data/1144879/000164117225013199/ex99-2.htm,0afd205e22300e1ca54f3ca70c3b767d3d40c10312a6f1f25ea7ac96fcc727d6,19988,2026-09-24T00:53:33Z
L000164117225013199_form8-k,https://www.sec.gov/Archives/edgar/data/1144879/000164117225013199/form8-k.htm,bcd6145dc8e859dc50671f4b78cfb5823cc478cbfb74e940cf1c9ad05e1954f2,75197,2026-09-24T00:53:34Z
L000181998925000110_ciphermining_businessupd,https://www.sec.gov/Archives/edgar/data/1819989/000181998925000110/ciphermining_businessupd.htm,adf822164f67ae4be954dc442963a149b3972eb868f29270a2216a984b3fd816,27992,2026-09-24T00:53:35Z
L000181998925000110_nov3_earningspressreleasex,https://www.sec.gov/Archives/edgar/data/1819989/000181998925000110/nov3_earningspressreleasex.htm,fae70a30bc3950af8fe21797bf2af825ce3c449a0e1058f67bfcca2648a924e0,204890,2026-09-24T00:53:35Z
L000183934126000012_amdpr,https://www.sec.gov/Archives/edgar/data/1839341/000183934126000012/amdpr.htm,2591745ce1e2e8deb488337fb27dd26d6454c7a8554662273ab9c191fadc087b,15401,2026-09-24T00:53:36Z
L000183934126000012_core-20260727,https://www.sec.gov/Archives/edgar/data/1839341/000183934126000012/core-20260727.htm,19960b30cc56d9d94cb0bca5e49cc58f5b1434e442ba51981f1db0d67f98be16,40386,2026-09-24T00:53:36Z
L000185939225000073_glxy-20250930xpressrelease,https://www.sec.gov/Archives/edgar/data/1859392/000185939225000073/glxy-20250930xpressrelease.htm,15b1bf375de03d2d7fb5888413ec32f3cd3bde97b63524cc38afd9418877d4df,1080616,2026-09-24T00:53:37Z
L000185939226000047_glxy-2026331xpressrelease,https://www.sec.gov/Archives/edgar/data/1859392/000185939226000047/glxy-2026331xpressrelease.htm,7ad5b89e5893db67c8c846ff67788f4188167051b902c5bf39927c8c92a11246,683880,2026-09-24T00:53:37Z
L000185939226000068_launch8-kexhibit99172226,https://www.sec.gov/Archives/edgar/data/1859392/000185939226000068/launch8-kexhibit99172226.htm,f7bcc0f8f9865ebe91cb3bf5c7be84bacbf6561f763960cdd6669df69250e72f,22154,2026-09-24T00:53:38Z
L000185939226000079_glxy-20260728,https://www.sec.gov/Archives/edgar/data/1859392/000185939226000079/glxy-20260728.htm,985b1e13a5291a13efb7096df365a0a7dc91ac68f633936763e0b32bb32e5c26,41195,2026-09-24T00:53:38Z
L000185939226000084_glxy-20260630xpressrelease,https://www.sec.gov/Archives/edgar/data/1859392/000185939226000084/glxy-20260630xpressrelease.htm,8dceb144007c6a97bd55b205a4ae22bc8e3b8d8996c0ec2261494251a0f648e5,823321,2026-09-24T00:53:39Z
L000187884825000079_q1fy26resultspressreleas,https://www.sec.gov/Archives/edgar/data/1878848/000187884825000079/q1fy26resultspressreleas.htm,40a753297e4ce1f9600829f39e5df9ee1722a83339a08e7b957323479a7e765f,29445,2026-09-24T00:53:39Z
L000200769126000007_ionicdigitalq22026ex991,https://www.sec.gov/Archives/edgar/data/2007691/000200769126000007/ionicdigitalq22026ex991.htm,da6a99a53387139b47dd1d69e0d1b961e9fddb60bdac05f1e2c4efff54b3ae2d,245601,2026-09-24T00:53:39Z
L000162828024026483_corzcoreweavehpc,https://www.sec.gov/Archives/edgar/data/1839341/000162828024026483/corzcoreweavehpc.htm,28f202f60de2cbd01eb7c6eebaaf54c0e140b5c2e549cf232c1adcd2235e6346,23457,2026-09-24T00:53:40Z
L000162828024029900_ex991-finalcorzhpcoptionre,https://www.sec.gov/Archives/edgar/data/1839341/000162828024029900/ex991-finalcorzhpcoptionre.htm,ff013cdad7f614459b937ea340177abc291947476600584009a9652538f1e177,21522,2026-09-24T00:53:40Z
D29,https://www.prnewswire.com/news-releases/galaxy-completes-phase-i-of-its-helios-data-center-campus-delivering-133-megawatts-of-critical-it-load-to-coreweave-302818664.html,016f21e8bc80cada1cabf86d883aeb2050f8b815470d78ecea37b1df9bf50dbd,215896,2026-09-24T00:53:51Z
L000162828024034989_exhibit991-corescientifich,https://www.sec.gov/Archives/edgar/data/1839341/000162828024034989/exhibit991-corescientifich.htm,976be106d679ef2f41302d23507c0e654c3fbf0f1bad04ac7916b22169208f06,21538,2026-09-24T00:55:09Z
